model,accuracy,macro_F1,train_sec
TL+SVM,0.8458498023715415,0.8219318101418548,4.795655965805054
CNN,0.5217391304347826,0.43151182023967216,143.4321527481079
kNN,0.6482213438735178,0.6136651923023789,0.0011553764343261719
NaiveBayes,0.49209486166007904,0.49173725579985045,0.0016570091247558594
